<?xml version="1.0" encoding="UTF-8"?>
<GenRun Id="impl_1" LaunchPart="xc7a35tcpg236-3" LaunchTime="1670698504">
  <File Type="OPT-HWDEF" Name="washing_machinek.hwdef"/>
  <File Type="ROUTE-BUS-SKEW" Name="washing_machinek_bus_skew_routed.rpt"/>
  <File Type="PA-DCP" Name="washing_machinek.dcp"/>
  <File Type="BITSTR-BMM" Name="washing_machinek_bd.bmm"/>
  <File Type="OPT-METHODOLOGY-DRC" Name="washing_machinek_methodology_drc_opted.rpt"/>
  <File Type="INIT-TIMING" Name="washing_machinek_timing_summary_init.rpt"/>
  <File Type="ROUTE-PWR" Name="washing_machinek_power_routed.rpt"/>
  <File Type="PA-TCL" Name="washing_machinek.tcl"/>
  <File Type="OPT-TIMING" Name="washing_machinek_timing_summary_opted.rpt"/>
  <File Type="OPT-DCP" Name="washing_machinek_opt.dcp"/>
  <File Type="ROUTE-PWR-SUM" Name="washing_machinek_power_summary_routed.pb"/>
  <File Type="REPORTS-TCL" Name="washing_machinek_reports.tcl"/>
  <File Type="OPT-DRC" Name="washing_machinek_drc_opted.rpt"/>
  <File Type="PWROPT-DCP" Name="washing_machinek_pwropt.dcp"/>
  <File Type="PWROPT-DRC" Name="washing_machinek_drc_pwropted.rpt"/>
  <File Type="PWROPT-TIMING" Name="washing_machinek_timing_summary_pwropted.rpt"/>
  <File Type="PLACE-DCP" Name="washing_machinek_placed.dcp"/>
  <File Type="PLACE-IO" Name="washing_machinek_io_placed.rpt"/>
  <File Type="PLACE-CLK" Name="washing_machinek_clock_utilization_placed.rpt"/>
  <File Type="PLACE-UTIL" Name="washing_machinek_utilization_placed.rpt"/>
  <File Type="PLACE-UTIL-PB" Name="washing_machinek_utilization_placed.pb"/>
  <File Type="PLACE-CTRL" Name="washing_machinek_control_sets_placed.rpt"/>
  <File Type="PLACE-SIMILARITY" Name="washing_machinek_incremental_reuse_placed.rpt"/>
  <File Type="PLACE-PRE-SIMILARITY" Name="washing_machinek_incremental_reuse_pre_placed.rpt"/>
  <File Type="PLACE-TIMING" Name="washing_machinek_timing_summary_placed.rpt"/>
  <File Type="POSTPLACE-PWROPT-DCP" Name="washing_machinek_postplace_pwropt.dcp"/>
  <File Type="BG-BIN" Name="washing_machinek.bin"/>
  <File Type="POSTPLACE-PWROPT-TIMING" Name="washing_machinek_timing_summary_postplace_pwropted.rpt"/>
  <File Type="PHYSOPT-DCP" Name="washing_machinek_physopt.dcp"/>
  <File Type="PHYSOPT-DRC" Name="washing_machinek_drc_physopted.rpt"/>
  <File Type="BITSTR-MSK" Name="washing_machinek.msk"/>
  <File Type="PHYSOPT-TIMING" Name="washing_machinek_timing_summary_physopted.rpt"/>
  <File Type="ROUTE-ERROR-DCP" Name="washing_machinek_routed_error.dcp"/>
  <File Type="ROUTE-DCP" Name="washing_machinek_routed.dcp"/>
  <File Type="ROUTE-BLACKBOX-DCP" Name="washing_machinek_routed_bb.dcp"/>
  <File Type="ROUTE-DRC" Name="washing_machinek_drc_routed.rpt"/>
  <File Type="ROUTE-DRC-PB" Name="washing_machinek_drc_routed.pb"/>
  <File Type="BITSTR-LTX" Name="debug_nets.ltx"/>
  <File Type="BITSTR-LTX" Name="washing_machinek.ltx"/>
  <File Type="ROUTE-DRC-RPX" Name="washing_machinek_drc_routed.rpx"/>
  <File Type="BITSTR-MMI" Name="washing_machinek.mmi"/>
  <File Type="ROUTE-METHODOLOGY-DRC" Name="washing_machinek_methodology_drc_routed.rpt"/>
  <File Type="ROUTE-METHODOLOGY-DRC-RPX" Name="washing_machinek_methodology_drc_routed.rpx"/>
  <File Type="BITSTR-SYSDEF" Name="washing_machinek.sysdef"/>
  <File Type="ROUTE-METHODOLOGY-DRC-PB" Name="washing_machinek_methodology_drc_routed.pb"/>
  <File Type="ROUTE-PWR-RPX" Name="washing_machinek_power_routed.rpx"/>
  <File Type="ROUTE-STATUS" Name="washing_machinek_route_status.rpt"/>
  <File Type="ROUTE-STATUS-PB" Name="washing_machinek_route_status.pb"/>
  <File Type="ROUTE-TIMINGSUMMARY" Name="washing_machinek_timing_summary_routed.rpt"/>
  <File Type="ROUTE-TIMING-PB" Name="washing_machinek_timing_summary_routed.pb"/>
  <File Type="ROUTE-TIMING-RPX" Name="washing_machinek_timing_summary_routed.rpx"/>
  <File Type="ROUTE-SIMILARITY" Name="washing_machinek_incremental_reuse_routed.rpt"/>
  <File Type="ROUTE-CLK" Name="washing_machinek_clock_utilization_routed.rpt"/>
  <File Type="ROUTE-BUS-SKEW-PB" Name="washing_machinek_bus_skew_routed.pb"/>
  <File Type="ROUTE-BUS-SKEW-RPX" Name="washing_machinek_bus_skew_routed.rpx"/>
  <File Type="POSTROUTE-PHYSOPT-DCP" Name="washing_machinek_postroute_physopt.dcp"/>
  <File Type="POSTROUTE-PHYSOPT-BLACKBOX-DCP" Name="washing_machinek_postroute_physopt_bb.dcp"/>
  <File Type="POSTROUTE-PHYSOPT-TIMING" Name="washing_machinek_timing_summary_postroute_physopted.rpt"/>
  <File Type="POSTROUTE-PHYSOPT-TIMING-PB" Name="washing_machinek_timing_summary_postroute_physopted.pb"/>
  <File Type="POSTROUTE-PHYSOPT-TIMING-RPX" Name="washing_machinek_timing_summary_postroute_physopted.rpx"/>
  <File Type="POSTROUTE-PHYSOPT-BUS-SKEW" Name="washing_machinek_bus_skew_postroute_physopted.rpt"/>
  <File Type="POSTROUTE-PHYSOPT-BUS-SKEW-PB" Name="washing_machinek_bus_skew_postroute_physopted.pb"/>
  <File Type="BG-BIT" Name="washing_machinek.bit"/>
  <File Type="POSTROUTE-PHYSOPT-BUS-SKEW-RPX" Name="washing_machinek_bus_skew_postroute_physopted.rpx"/>
  <File Type="BITSTR-RBT" Name="washing_machinek.rbt"/>
  <File Type="BITSTR-NKY" Name="washing_machinek.nky"/>
  <File Type="BG-BGN" Name="washing_machinek.bgn"/>
  <File Type="BG-DRC" Name="washing_machinek.drc"/>
  <File Type="RDI-RDI" Name="washing_machinek.vdi"/>
  <File Type="WBT-USG" Name="usage_statistics_webtalk.html"/>
  <FileSet Name="sources" Type="DesignSrcs" RelSrcDir="$PSRCDIR/sources_1">
    <Filter Type="Srcs"/>
    <File Path="$PSRCDIR/sources_1/new/washing_machinek.v">
      <FileInfo>
        <Attr Name="UsedIn" Val="synthesis"/>
        <Attr Name="UsedIn" Val="implementation"/>
        <Attr Name="UsedIn" Val="simulation"/>
      </FileInfo>
    </File>
    <Config>
      <Option Name="DesignMode" Val="RTL"/>
      <Option Name="TopModule" Val="washing_machinek"/>
      <Option Name="TopAutoSet" Val="TRUE"/>
    </Config>
  </FileSet>
  <FileSet Name="constrs_in" Type="Constrs" RelSrcDir="$PSRCDIR/constrs_1">
    <Filter Type="Constrs"/>
    <Config>
      <Option Name="ConstrsType" Val="XDC"/>
    </Config>
  </FileSet>
  <Strategy Version="1" Minor="2">
    <StratHandle Name="Vivado Implementation Defaults" Flow="Vivado Implementation 2018"/>
    <Step Id="init_design"/>
    <Step Id="opt_design"/>
    <Step Id="power_opt_design"/>
    <Step Id="place_design"/>
    <Step Id="post_place_power_opt_design"/>
    <Step Id="phys_opt_design"/>
    <Step Id="route_design"/>
    <Step Id="post_route_phys_opt_design"/>
    <Step Id="write_bitstream"/>
  </Strategy>
</GenRun>
