<?xml version="1.0" encoding="UTF-8"?>
<GenRun Id="synth_1" LaunchPart="xc7a35tcpg236-3" LaunchTime="1670698273">
  <File Type="PA-TCL" Name="washing_machinek.tcl"/>
  <File Type="RDS-PROPCONSTRS" Name="washing_machinek_drc_synth.rpt"/>
  <File Type="REPORTS-TCL" Name="washing_machinek_reports.tcl"/>
  <File Type="RDS-RDS" Name="washing_machinek.vds"/>
  <File Type="RDS-UTIL" Name="washing_machinek_utilization_synth.rpt"/>
  <File Type="RDS-UTIL-PB" Name="washing_machinek_utilization_synth.pb"/>
  <File Type="RDS-DCP" Name="washing_machinek.dcp"/>
  <File Type="VDS-TIMINGSUMMARY" Name="washing_machinek_timing_summary_synth.rpt"/>
  <File Type="VDS-TIMING-PB" Name="washing_machinek_timing_summary_synth.pb"/>
  <FileSet Name="sources" Type="DesignSrcs" RelSrcDir="$PSRCDIR/sources_1">
    <Filter Type="Srcs"/>
    <File Path="$PSRCDIR/sources_1/new/washing_machinek.v">
      <FileInfo>
        <Attr Name="UsedIn" Val="synthesis"/>
        <Attr Name="UsedIn" Val="implementation"/>
        <Attr Name="UsedIn" Val="simulation"/>
      </FileInfo>
    </File>
    <Config>
      <Option Name="DesignMode" Val="RTL"/>
      <Option Name="TopModule" Val="washing_machinek"/>
      <Option Name="TopAutoSet" Val="TRUE"/>
    </Config>
  </FileSet>
  <FileSet Name="constrs_in" Type="Constrs" RelSrcDir="$PSRCDIR/constrs_1">
    <Filter Type="Constrs"/>
    <Config>
      <Option Name="ConstrsType" Val="XDC"/>
    </Config>
  </FileSet>
  <Strategy Version="1" Minor="2">
    <StratHandle Name="Vivado Synthesis Defaults" Flow="Vivado Synthesis 2018"/>
    <Step Id="synth_design"/>
  </Strategy>
</GenRun>
